Workbook

Sheet Summary
A1: Study Name | B1: 1 - US 301 ALT & SE 53RD ST
A2: Project | B2: 26-017 US 301 South of Starke Traffic Counts
A3: Project Code | B3: 26-017
A4: Legs and Movements | B4: All Processed Legs & Movements
A5: Bin Size | B5: 15 minutes
A6: Time Zone | B6: America/New_York
A7: Start Time | B7: 46050.271
A8: End Time | B8: 46050.771
A9: Location | B9: US 301 ALT & SE 53RD ST
A10: Latitude and Longitude | B10: 29.91393544 , -82.13417409
A12: AM Peak
A13: Midday Peak
A14: PM Peak (Overall Peak Hour)

Sheet Lights and Motorcycles
A1: Leg | B1: US 301 | H1: SE 53RD ST | N1: US 301
A2: Direction | B2: Southbound | H2: Westbound | N2: Northbound
A3: Start Time | B3: Right | C3: Thru | D3: Left | E3: U-Turn | F3: Peds CW | G3: Peds CCW | H3: Right | I3: Thru | J3: Left | K3: U-Turn | L3: Peds CW | M3: Peds CCW | N3: Right | O3: Thru | P3: Left | Q3: U-Turn | R3: Peds CW | S3: Peds CCW
A4: 46050.271 | B4: 0 | C4: 164 | D4: 0 | E4: 0 | F4: 0 | G4: 0 | H4: 0 | I4: 0 | J4: 0 | K4: 0 | L4: 0 | M4: 0 | N4: 2 | O4: 161 | P4: 0 | Q4: 0 | R4: 0 | S4: 0
A5: 46050.281 | B5: 0 | C5: 148 | D5: 0 | E5: 0 | F5: 0 | G5: 0 | H5: 0 | I5: 0 | J5: 0 | K5: 0 | L5: 0 | M5: 0 | N5: 0 | O5: 139 | P5: 0 | Q5: 0 | R5: 0 | S5: 0
A6: 46050.292 | B6: 0 | C6: 171 | D6: 0 | E6: 0 | F6: 0 | G6: 0 | H6: 0 | I6: 0 | J6: 0 | K6: 0 | L6: 0 | M6: 0 | N6: 0 | O6: 128 | P6: 0 | Q6: 0 | R6: 0 | S6: 0
A7: 46050.302 | B7: 0 | C7: 205 | D7: 0 | E7: 0 | F7: 0 | G7: 0 | H7: 0 | I7: 0 | J7: 0 | K7: 0 | L7: 0 | M7: 0 | N7: 1 | O7: 148 | P7: 0 | Q7: 0 | R7: 0 | S7: 0
A8: 46050.312 | B8: 0 | C8: 203 | D8: 0 | E8: 0 | F8: 0 | G8: 0 | H8: 0 | I8: 0 | J8: 0 | K8: 0 | L8: 0 | M8: 0 | N8: 2 | O8: 146 | P8: 0 | Q8: 0 | R8: 0 | S8: 0
A9: 46050.323 | B9: 0 | C9: 196 | D9: 0 | E9: 0 | F9: 0 | G9: 0 | H9: 0 | I9: 0 | J9: 0 | K9: 0 | L9: 0 | M9: 0 | N9: 0 | O9: 181 | P9: 0 | Q9: 0 | R9: 0 | S9: 0
A10: 46050.333 | B10: 0 | C10: 179 | D10: 0 | E10: 0 | F10: 0 | G10: 0 | H10: 0 | I10: 0 | J10: 0 | K10: 0 | L10: 0 | M10: 0 | N10: 0 | O10: 166 | P10: 0 | Q10: 0 | R10: 0 | S10: 0
A11: 46050.344 | B11: 0 | C11: 175 | D11: 0 | E11: 0 | F11: 0 | G11: 0 | H11: 0 | I11: 0 | J11: 0 | K11: 0 | L11: 0 | M11: 0 | N11: 0 | O11: 204 | P11: 0 | Q11: 0 | R11: 0 | S11: 0
A12: 46050.354 | B12: 0 | C12: 169 | D12: 0 | E12: 0 | F12: 0 | G12: 0 | H12: 0 | I12: 0 | J12: 0 | K12: 0 | L12: 0 | M12: 0 | N12: 1 | O12: 153 | P12: 0 | Q12: 0 | R12: 0 | S12: 0
A13: 46050.365 | B13: 0 | C13: 168 | D13: 0 | E13: 0 | F13: 0 | G13: 0 | H13: 0 | I13: 0 | J13: 0 | K13: 0 | L13: 0 | M13: 0 | N13: 0 | O13: 164 | P13: 0 | Q13: 0 | R13: 0 | S13: 0
A14: 46050.375 | B14: 0 | C14: 166 | D14: 0 | E14: 0 | F14: 0 | G14: 0 | H14: 0 | I14: 0 | J14: 0 | K14: 0 | L14: 0 | M14: 0 | N14: 2 | O14: 165 | P14: 0 | Q14: 0 | R14: 0 | S14: 0
A15: 46050.385 | B15: 0 | C15: 170 | D15: 0 | E15: 0 | F15: 0 | G15: 0 | H15: 0 | I15: 0 | J15: 0 | K15: 0 | L15: 0 | M15: 0 | N15: 1 | O15: 161 | P15: 0 | Q15: 0 | R15: 0 | S15: 0
... A35: 46050.76 | B35: 0 | C35: 182 | D35: 0 | E35: 0 | F35: 0 | G35: 0 | H35: 0 | I35: 0 | J35: 0 | K35: 0 | L35: 0 | M35: 0 | N35: 1 | O35: 152 | P35: 0 | Q35: 0 | R35: 0 | S35: 0

Sheet Heavy
A1: ='Lights and Motorcycles'!A1 -> Leg | B1: ='Lights and Motorcycles'!B1 -> US 301 | H1: ='Lights and Motorcycles'!H1 -> SE 53RD ST | N1: ='Lights and Motorcycles'!N1 -> US 301
A2: ='Lights and Motorcycles'!A2 -> Direction | B2: ='Lights and Motorcycles'!B2 -> Southbound | H2: ='Lights and Motorcycles'!H2 -> Westbound | N2: ='Lights and Motorcycles'!N2 -> Northbound
A3: ='Lights and Motorcycles'!A3 -> Start Time | B3: ='Lights and Motorcycles'!B3 -> Right | C3: ='Lights and Motorcycles'!C3 -> Thru | D3: ='Lights and Motorcycles'!D3 -> Left | E3: ='Lights and Motorcycles'!E3 -> U-Turn | F3: ='Lights and Motorcycles'!F3 -> Peds CW | G3: ='Lights and Motorcycles'!G3 -> Peds CCW | H3: ='Lights and Motorcycles'!H3 -> Right | ... S3: ='Lights and Motorcycles'!S3 -> Peds CCW
A4: ='Lights and Motorcycles'!A4 -> 46050.271 | B4: 0 | C4: 51 | D4: 0 | E4: 0 | F4: 0 | G4: 0 | H4: 0 | I4: 0 | J4: 0 | K4: 0 | L4: 0 | M4: 0 | N4: 0 | O4: 48 | P4: 0 | Q4: 0 | R4: 0 | S4: 0
A5: ='Lights and Motorcycles'!A5 -> 46050.281 | B5: 0 | C5: 45 | D5: 0 | E5: 0 | F5: 0 | G5: 0 | H5: 0 | I5: 0 | J5: 0 | K5: 0 | L5: 0 | M5: 0 | N5: 0 | O5: 29 | P5: 0 | Q5: 0 | R5: 0 | S5: 0
A6: ='Lights and Motorcycles'!A6 -> 46050.292 | B6: 0 | C6: 33 | D6: 0 | E6: 0 | F6: 0 | G6: 0 | H6: 0 | I6: 0 | J6: 0 | K6: 0 | L6: 0 | M6: 0 | N6: 0 | O6: 45 | P6: 0 | Q6: 0 | R6: 0 | S6: 0
A7: ='Lights and Motorcycles'!A7 -> 46050.302 | B7: 0 | C7: 42 | D7: 0 | E7: 0 | F7: 0 | G7: 0 | H7: 0 | I7: 0 | J7: 0 | K7: 0 | L7: 0 | M7: 0 | N7: 0 | O7: 40 | P7: 0 | Q7: 0 | R7: 0 | S7: 0
A8: ='Lights and Motorcycles'!A8 -> 46050.312 | B8: 0 | C8: 50 | D8: 0 | E8: 0 | F8: 0 | G8: 0 | H8: 0 | I8: 0 | J8: 0 | K8: 0 | L8: 0 | M8: 0 | N8: 0 | O8: 29 | P8: 0 | Q8: 0 | R8: 0 | S8: 0
A9: ='Lights and Motorcycles'!A9 -> 46050.323 | B9: 0 | C9: 57 | D9: 0 | E9: 0 | F9: 0 | G9: 0 | H9: 0 | I9: 0 | J9: 0 | K9: 0 | L9: 0 | M9: 0 | N9: 0 | O9: 43 | P9: 0 | Q9: 0 | R9: 0 | S9: 0
A10: ='Lights and Motorcycles'!A10 -> 46050.333 | B10: 0 | C10: 53 | D10: 0 | E10: 0 | F10: 0 | G10: 0 | H10: 0 | I10: 0 | J10: 0 | K10: 0 | L10: 0 | M10: 0 | N10: 0 | O10: 48 | P10: 0 | Q10: 0 | R10: 0 | S10: 0
A11: ='Lights and Motorcycles'!A11 -> 46050.344 | B11: 0 | C11: 48 | D11: 0 | E11: 0 | F11: 0 | G11: 0 | H11: 0 | I11: 0 | J11: 0 | K11: 0 | L11: 0 | M11: 0 | N11: 0 | O11: 48 | P11: 0 | Q11: 0 | R11: 0 | S11: 0
A12: ='Lights and Motorcycles'!A12 -> 46050.354 | B12: 0 | C12: 41 | D12: 0 | E12: 0 | F12: 0 | G12: 0 | H12: 0 | I12: 0 | J12: 0 | K12: 0 | L12: 0 | M12: 0 | N12: 1 | O12: 26 | P12: 0 | Q12: 0 | R12: 0 | S12: 0
A13: ='Lights and Motorcycles'!A13 -> 46050.365 | B13: 0 | C13: 58 | D13: 0 | E13: 0 | F13: 0 | G13: 0 | H13: 0 | I13: 0 | J13: 0 | K13: 0 | L13: 0 | M13: 0 | N13: 0 | O13: 57 | P13: 0 | Q13: 0 | R13: 0 | S13: 0
A14: ='Lights and Motorcycles'!A14 -> 46050.375 | B14: 0 | C14: 40 | D14: 0 | E14: 0 | F14: 0 | G14: 0 | H14: 0 | I14: 0 | J14: 0 | K14: 0 | L14: 0 | M14: 0 | N14: 0 | O14: 39 | P14: 0 | Q14: 0 | R14: 0 | S14: 0
A15: ='Lights and Motorcycles'!A15 -> 46050.385 | B15: 0 | C15: 52 | D15: 0 | E15: 0 | F15: 0 | G15: 0 | H15: 0 | I15: 0 | J15: 0 | K15: 0 | L15: 0 | M15: 0 | N15: 0 | O15: 37 | P15: 0 | Q15: 0 | R15: 0 | S15: 0
... A35: ='Lights and Motorcycles'!A35 -> 46050.76 | B35: 0 | C35: 20 | D35: 0 | E35: 0 | F35: 0 | G35: 0 | H35: 0 | I35: 0 | J35: 0 | K35: 0 | L35: 0 | M35: 0 | N35: 0 | O35: 23 | P35: 0 | Q35: 0 | R35: 0 | S35: 0

Sheet Pedestrians
A1: ='Lights and Motorcycles'!A1 -> Leg | B1: ='Lights and Motorcycles'!B1 -> US 301 | H1: ='Lights and Motorcycles'!H1 -> SE 53RD ST | N1: ='Lights and Motorcycles'!N1 -> US 301
A2: ='Lights and Motorcycles'!A2 -> Direction | B2: ='Lights and Motorcycles'!B2 -> Southbound | H2: ='Lights and Motorcycles'!H2 -> Westbound | N2: ='Lights and Motorcycles'!N2 -> Northbound
A3: ='Lights and Motorcycles'!A3 -> Start Time | B3: ='Lights and Motorcycles'!B3 -> Right | C3: ='Lights and Motorcycles'!C3 -> Thru | D3: ='Lights and Motorcycles'!D3 -> Left | E3: ='Lights and Motorcycles'!E3 -> U-Turn | F3: ='Lights and Motorcycles'!F3 -> Peds CW | G3: ='Lights and Motorcycles'!G3 -> Peds CCW | H3: ='Lights and Motorcycles'!H3 -> Right | ... S3: ='Lights and Motorcycles'!S3 -> Peds CCW
A4: ='Lights and Motorcycles'!A4 -> 46050.271 | B4: 0 | C4: 0 | D4: 0 | E4: 0 | F4: 0 | G4: 0 | H4: 0 | I4: 0 | J4: 0 | K4: 0 | L4: 0 | M4: 0 | N4: 0 | O4: 0 | P4: 0 | Q4: 0 | R4: 0 | S4: 0
A5: ='Lights and Motorcycles'!A5 -> 46050.281 | B5: 0 | C5: 0 | D5: 0 | E5: 0 | F5: 0 | G5: 0 | H5: 0 | I5: 0 | J5: 0 | K5: 0 | L5: 0 | M5: 0 | N5: 0 | O5: 0 | P5: 0 | Q5: 0 | R5: 0 | S5: 0
A6: ='Lights and Motorcycles'!A6 -> 46050.292 | B6: 0 | C6: 0 | D6: 0 | E6: 0 | F6: 0 | G6: 0 | H6: 0 | I6: 0 | J6: 0 | K6: 0 | L6: 0 | M6: 0 | N6: 0 | O6: 0 | P6: 0 | Q6: 0 | R6: 0 | S6: 0
A7: ='Lights and Motorcycles'!A7 -> 46050.302 | B7: 0 | C7: 0 | D7: 0 | E7: 0 | F7: 0 | G7: 0 | H7: 0 | I7: 0 | J7: 0 | K7: 0 | L7: 0 | M7: 0 | N7: 0 | O7: 0 | P7: 0 | Q7: 0 | R7: 0 | S7: 0
A8: ='Lights and Motorcycles'!A8 -> 46050.312 | B8: 0 | C8: 0 | D8: 0 | E8: 0 | F8: 0 | G8: 0 | H8: 0 | I8: 0 | J8: 0 | K8: 0 | L8: 0 | M8: 0 | N8: 0 | O8: 0 | P8: 0 | Q8: 0 | R8: 0 | S8: 0
A9: ='Lights and Motorcycles'!A9 -> 46050.323 | B9: 0 | C9: 0 | D9: 0 | E9: 0 | F9: 0 | G9: 0 | H9: 0 | I9: 0 | J9: 0 | K9: 0 | L9: 0 | M9: 0 | N9: 0 | O9: 0 | P9: 0 | Q9: 0 | R9: 0 | S9: 0
A10: ='Lights and Motorcycles'!A10 -> 46050.333 | B10: 0 | C10: 0 | D10: 0 | E10: 0 | F10: 0 | G10: 0 | H10: 0 | I10: 0 | J10: 0 | K10: 0 | L10: 0 | M10: 0 | N10: 0 | O10: 0 | P10: 0 | Q10: 0 | R10: 0 | S10: 0
A11: ='Lights and Motorcycles'!A11 -> 46050.344 | B11: 0 | C11: 0 | D11: 0 | E11: 0 | F11: 0 | G11: 0 | H11: 0 | I11: 0 | J11: 0 | K11: 0 | L11: 0 | M11: 0 | N11: 0 | O11: 0 | P11: 0 | Q11: 0 | R11: 0 | S11: 0
A12: ='Lights and Motorcycles'!A12 -> 46050.354 | B12: 0 | C12: 0 | D12: 0 | E12: 0 | F12: 0 | G12: 0 | H12: 0 | I12: 0 | J12: 0 | K12: 0 | L12: 0 | M12: 0 | N12: 0 | O12: 0 | P12: 0 | Q12: 0 | R12: 0 | S12: 0
A13: ='Lights and Motorcycles'!A13 -> 46050.365 | B13: 0 | C13: 0 | D13: 0 | E13: 0 | F13: 0 | G13: 0 | H13: 0 | I13: 0 | J13: 0 | K13: 0 | L13: 0 | M13: 0 | N13: 0 | O13: 0 | P13: 0 | Q13: 0 | R13: 0 | S13: 0
A14: ='Lights and Motorcycles'!A14 -> 46050.375 | B14: 0 | C14: 0 | D14: 0 | E14: 0 | F14: 0 | G14: 0 | H14: 0 | I14: 0 | J14: 0 | K14: 0 | L14: 0 | M14: 0 | N14: 0 | O14: 0 | P14: 0 | Q14: 0 | R14: 0 | S14: 0
A15: ='Lights and Motorcycles'!A15 -> 46050.385 | B15: 0 | C15: 0 | D15: 0 | E15: 0 | F15: 0 | G15: 0 | H15: 0 | I15: 0 | J15: 0 | K15: 0 | L15: 0 | M15: 0 | N15: 0 | O15: 0 | P15: 0 | Q15: 0 | R15: 0 | S15: 0
... A35: ='Lights and Motorcycles'!A35 -> 46050.76 | B35: 0 | C35: 0 | D35: 0 | E35: 0 | F35: 0 | G35: 0 | H35: 0 | I35: 0 | J35: 0 | K35: 0 | L35: 0 | M35: 0 | N35: 0 | O35: 0 | P35: 0 | Q35: 0 | R35: 0 | S35: 0

Sheet Bicycles on Crosswalk
A1: ='Lights and Motorcycles'!A1 -> Leg | B1: ='Lights and Motorcycles'!B1 -> US 301 | H1: ='Lights and Motorcycles'!H1 -> SE 53RD ST | N1: ='Lights and Motorcycles'!N1 -> US 301
A2: ='Lights and Motorcycles'!A2 -> Direction | B2: ='Lights and Motorcycles'!B2 -> Southbound | H2: ='Lights and Motorcycles'!H2 -> Westbound | N2: ='Lights and Motorcycles'!N2 -> Northbound
A3: ='Lights and Motorcycles'!A3 -> Start Time | B3: ='Lights and Motorcycles'!B3 -> Right | C3: ='Lights and Motorcycles'!C3 -> Thru | D3: ='Lights and Motorcycles'!D3 -> Left | E3: ='Lights and Motorcycles'!E3 -> U-Turn | F3: ='Lights and Motorcycles'!F3 -> Peds CW | G3: ='Lights and Motorcycles'!G3 -> Peds CCW | H3: ='Lights and Motorcycles'!H3 -> Right | ... S3: ='Lights and Motorcycles'!S3 -> Peds CCW
A4: ='Lights and Motorcycles'!A4 -> 46050.271 | B4: 0 | C4: 0 | D4: 0 | E4: 0 | F4: 0 | G4: 0 | H4: 0 | I4: 0 | J4: 0 | K4: 0 | L4: 0 | M4: 0 | N4: 0 | O4: 0 | P4: 0 | Q4: 0 | R4: 0 | S4: 0
A5: ='Lights and Motorcycles'!A5 -> 46050.281 | B5: 0 | C5: 0 | D5: 0 | E5: 0 | F5: 0 | G5: 0 | H5: 0 | I5: 0 | J5: 0 | K5: 0 | L5: 0 | M5: 0 | N5: 0 | O5: 0 | P5: 0 | Q5: 0 | R5: 0 | S5: 0
A6: ='Lights and Motorcycles'!A6 -> 46050.292 | B6: 0 | C6: 0 | D6: 0 | E6: 0 | F6: 0 | G6: 0 | H6: 0 | I6: 0 | J6: 0 | K6: 0 | L6: 0 | M6: 0 | N6: 0 | O6: 0 | P6: 0 | Q6: 0 | R6: 0 | S6: 0
A7: ='Lights and Motorcycles'!A7 -> 46050.302 | B7: 0 | C7: 0 | D7: 0 | E7: 0 | F7: 0 | G7: 0 | H7: 0 | I7: 0 | J7: 0 | K7: 0 | L7: 0 | M7: 0 | N7: 0 | O7: 0 | P7: 0 | Q7: 0 | R7: 0 | S7: 0
A8: ='Lights and Motorcycles'!A8 -> 46050.312 | B8: 0 | C8: 0 | D8: 0 | E8: 0 | F8: 0 | G8: 0 | H8: 0 | I8: 0 | J8: 0 | K8: 0 | L8: 0 | M8: 0 | N8: 0 | O8: 0 | P8: 0 | Q8: 0 | R8: 0 | S8: 0
A9: ='Lights and Motorcycles'!A9 -> 46050.323 | B9: 0 | C9: 0 | D9: 0 | E9: 0 | F9: 0 | G9: 0 | H9: 0 | I9: 0 | J9: 0 | K9: 0 | L9: 0 | M9: 0 | N9: 0 | O9: 0 | P9: 0 | Q9: 0 | R9: 0 | S9: 0
A10: ='Lights and Motorcycles'!A10 -> 46050.333 | B10: 0 | C10: 0 | D10: 0 | E10: 0 | F10: 0 | G10: 0 | H10: 0 | I10: 0 | J10: 0 | K10: 0 | L10: 0 | M10: 0 | N10: 0 | O10: 0 | P10: 0 | Q10: 0 | R10: 0 | S10: 0
A11: ='Lights and Motorcycles'!A11 -> 46050.344 | B11: 0 | C11: 0 | D11: 0 | E11: 0 | F11: 0 | G11: 0 | H11: 0 | I11: 0 | J11: 0 | K11: 0 | L11: 0 | M11: 0 | N11: 0 | O11: 0 | P11: 0 | Q11: 0 | R11: 0 | S11: 0
A12: ='Lights and Motorcycles'!A12 -> 46050.354 | B12: 0 | C12: 0 | D12: 0 | E12: 0 | F12: 0 | G12: 0 | H12: 0 | I12: 0 | J12: 0 | K12: 0 | L12: 0 | M12: 0 | N12: 0 | O12: 0 | P12: 0 | Q12: 0 | R12: 0 | S12: 0
A13: ='Lights and Motorcycles'!A13 -> 46050.365 | B13: 0 | C13: 0 | D13: 0 | E13: 0 | F13: 0 | G13: 0 | H13: 0 | I13: 0 | J13: 0 | K13: 0 | L13: 0 | M13: 0 | N13: 0 | O13: 0 | P13: 0 | Q13: 0 | R13: 0 | S13: 0
A14: ='Lights and Motorcycles'!A14 -> 46050.375 | B14: 0 | C14: 0 | D14: 0 | E14: 0 | F14: 0 | G14: 0 | H14: 0 | I14: 0 | J14: 0 | K14: 0 | L14: 0 | M14: 0 | N14: 0 | O14: 0 | P14: 0 | Q14: 0 | R14: 0 | S14: 0
A15: ='Lights and Motorcycles'!A15 -> 46050.385 | B15: 0 | C15: 0 | D15: 0 | E15: 0 | F15: 0 | G15: 0 | H15: 0 | I15: 0 | J15: 0 | K15: 0 | L15: 0 | M15: 0 | N15: 0 | O15: 0 | P15: 0 | Q15: 0 | R15: 0 | S15: 0
... A35: ='Lights and Motorcycles'!A35 -> 46050.76 | B35: 0 | C35: 0 | D35: 0 | E35: 0 | F35: 0 | G35: 0 | H35: 0 | I35: 0 | J35: 0 | K35: 0 | L35: 0 | M35: 0 | N35: 0 | O35: 0 | P35: 0 | Q35: 0 | R35: 0 | S35: 0
